1599,,Hack and Slash,"When you attack an enemy in melee, roll+Str. On a 10+ you deal your damage to the enemy and avoid their attack. At your option, you may choose to do +1d6 damage but expose yourself to the enemy’s attack. On a 7–9, you deal your damage to the enemy and the enemy makes an attack against you.",basic
1600,,Volley,"When you take aim and shoot at an enemy at range, roll+Dex. On a 10+ you have a clear shot—deal your damage. On a 7–9, choose one (whichever you choose you deal your damage):

* You have to move to get the shot placing you in danger of the GM’s choice
* You have to take what you can get: -1d6 damage
* You have to take several shots, reducing your ammo by one.",basic
1601,,Defy Danger,"When you act despite an imminent threat or suffer a calamity, say how you deal with it and roll. If you do it…

* …by powering through, +Str
* …by getting out of the way or acting fast, +Dex
* …by enduring, +Con
* …with quick thinking, +Int
* …through mental fortitude, +Wis
* …using charm and social grace, +Cha

On a 10+, you do what you set out to, the threat doesn’t come to bear. On a 7–9, you stumble, hesitate, or flinch: the GM will offer you a worse outcome, hard bargain, or ugly choice.",basic
1602,,Defend,"When you stand in defense of a person, item, or location under attack, roll+Con. On a 10+, hold 3. On a 7–9, hold 1. So long as you stand in defense, when you or the thing you defend is attacked you may spend hold, 1 for 1, to choose an option:

* Redirect an attack from the thing you defend to yourself
* Halve the attack’s effect or damage
* Open up the attacker to an ally giving that ally +1 forward against the attacker
* Deal damage to the attacker equal to your level",basic
1603,,Spout Lore,"When you consult your accumulated knowledge about something, roll+Int. On a 10+ the GM will tell you something interesting and useful about the subject relevant to your situation. On a 7–9 the GM will only tell you something interesting—it’s on you to make it useful. The GM might ask you “How do you know this?” Tell them the truth, now.",basic
1802,The WIZARD,Expanded Spellbook,Add a new spell from the spell list of any class to your spellbook.,advanced
1604,,Discern Realities,"When you closely study a situation or person, roll+Wis. On a 10+ ask the GM 3 questions from the list below. On a 7–9 ask 1. Take +1 forward when acting on the answers.

* What happened here recently?
* What is about to happen?
* What should I be on the lookout for?
* What here is useful or valuable to me?
* Who’s really in control here?
* What here is not what it appears to be?",basic
1605,,Parley,"When you you have leverage on a GM character and manipulate them, roll+Cha. Leverage is something they need or want. On a hit they ask you for something and do it if you make them a promise first. On a 7–9, they need some concrete assurance of your promise, right now.",basic
1606,,Aid or Interfere,"When you help or hinder someone you have a bond with, roll+Bond with them. On a 10+ they take +1 or -2, your choice. On a 7–9 you also expose yourself to danger, retribution, or cost.

---",basic
1607,,Last Breath,"When you’re dying you catch a glimpse of what lies beyond the Black Gates of Death’s Kingdom (the GM will describe it). Then roll (just roll, +nothing—yeah, Death doesn’t care how tough or cool you are). On a 10+ you’ve cheated death—you’re in a bad spot but you’re still alive. On a 7–9 Death will offer you a bargain. Take it and stabilize or refuse and pass beyond the Black Gates into whatever fate awaits you. On a miss, your fate is sealed. You’re marked as Death’s own and you’ll cross the threshold soon. The GM will tell you when.",special
1608,,Encumbrance,"When you make a move while carrying weight up to or equal to Load, you’re fine. When you make a move while carrying weight equal to load+1 or load+2, you take -1. When you make a move while carrying weight greater than load+2, you have a choice: drop at least 1 weight and roll at -1, or automatically fail.",special
1609,,Make Camp,When you settle in to rest consume a ration. If you’re somewhere dangerous decide the watch order as well. If you have enough XP you may Level Up. When you wake from at least a few uninterrupted hours of sleep heal damage equal to half your max HP.,special
1610,,Take Watch,"When you you’re on watch and something approaches the camp roll+Wis. On a 10+ you’re able to wake the camp and prepare a response, the camp takes +1 forward. On a 7–9 you react just a moment too late; the camp is awake but hasn’t had time to prepare. You have weapons and armor but little else. On a miss whatever lurks outside the campfire’s light has the drop on you.",special
1611,,Undertake a Perilous Journey,"When you travel through hostile territory, choose one member of the party to act as trailblazer, one to scout ahead, and one to be quartermaster (the same character cannot have two jobs). If you don’t have enough party members or choose not to assign a job, treat that job as if it had rolled a 6. Each character with a job to do rolls+Wis. On a 10+ the quartermaster reduces the number of rations required by one. On a 10+ the trailblazer reduces the amount of time it takes to reach your destination (the GM will say by how much). On a 10+ the scout will spot any trouble quick enough to let you get the drop on it. On a 7–9 each roles performs their job as expected: the normal number of rations are consumed, the journey takes about as long as expected, no one gets the drop on you but you don’t get the drop on them either.",special
1612,,Level Up,"When you have downtime (hours or days) and XP equal to (or greater than) your current level + 7, subtract your current level +7 from your XP, increase your level by 1, and choose a new advanced move from your class. If you are the wizard, you also get to add a new spell to your spellbook.
Choose one of your stats and increase it by 1 (this may change your modifier). Changing your Constitution increases your maximum and current HP. Ability scores can’t go higher than 18.",special
1613,,End of Session,"When you reach the end of a session, choose one your bonds that you feel is resolved (completely explored, no longer relevant, or otherwise). Ask the player of the character you have the bond with if they agree. If they do, mark XP and write a new bond with whomever you wish.
Once bonds have been updated look at your alignment. If you fulfilled that alignment at least once this session, mark XP. Then answer these three questions as a group:

* Did we learn something new and important about the world?
* Did we overcome a notable monster or enemy?
* Did we loot a memorable treasure?
For each “yes” answer everyone marks XP.",special
1614,,Carouse,"When you return triumphant and throw a big party, spend 100 coin and roll + extra 100s of coin spent. On a 10+ choose 3. On a 7–9 choose 1. On a miss, you still choose one, but things get really out of hand.

* You befriend a useful NPC
* You hear rumors of an opportunity
* You gain useful information
* You are not entangled, ensorcelled, or tricked",special
1615,,Supply,"When you go to buy something with gold on hand, if it’s something readily available in the settlement you’re in, you can buy it at market price. If it’s something special, beyond what’s usually available here, or non-mundane, roll+Cha. On a 10+ you find what you’re looking for at a fair price. On a 7–9 you’ll have to pay more or settle for something similar.",special
1616,,Recover,When you do nothing but rest in comfort and safety after a day of rest you recover all your HP. After three days of rest you remove one debility of your choice. If you’re under the care of a healer (magical or otherwise) you heal a debility for every two days of rest instead.,special
1617,,Recruit,"When you put out word that you’re looking to hire help, roll. If you make it known…

* …that your pay is generous, take +1
* …what you’re setting out to do, take +1
* …that they’ll get a share of whatever you find, take +1
If you have a useful reputation around these parts take an additional +1. On a 10+ you’ve got your pick of a number of skilled applicants, your choice who you hire, no penalty for not taking them along. On a 7–9 you’ll have to settle for someone close or turn them away. On a miss someone influential and ill-suited declares they’d like to come along (a foolhardy youth, a loose-cannon, or a veiled enemy, for example), bring them and take the consequences or turn them away. If you turn away applicants you take -1 forward to Recruit.",special
1618,,Outstanding Warrants,"When you return to a civilized place in which you’ve caused trouble before, roll+Cha. On a hit, word has spread of your deeds and everyone recognizes you. On a 7–9, that, and, the GM chooses a complication:

* The local constabulary has a warrant out for your arrest
* Someone has put a price on your head
* Someone important to you has been put in a bad spot as a result of your actions",special
1619,,Bolster,"When you spend your leisure time in study, meditation, or hard practice, you gain preparation. If you prepare for a week or two, 1 preparation. If you prepare for a month or longer, 3 preparation. When your preparation pays off spend 1 preparation for +1 to any roll. You can only spend one preparation per roll.

---",special
1705,The FIGHTER,Armor Mastery,"When you make your armor take the brunt of damage dealt to you, the damage is negated but you must reduce the armor value of your armor or shield (your choice) by 1. The value is reduced each time you make this choice. If the reduction leaves the item with 0 armor it is destroyed.",advanced
1620,The BARD,Arcane Art,"When you weave a performance into a basic spell, choose an ally and an effect:

* Heal 1d8 damage
* +1d4 forward to damage
* Their mind is shaken clear of one enchantment
* The next time someone successfully assists the target with aid, they get +2 instead of +1

Then roll+Cha. ✴On a 10+, the ally gets the selected effect. ✴On a 7-9, your spell still works, but you draw unwanted attention or your magic reverberates to other targets affecting them as well, GM’s choice.",starting
1621,The BARD,Bardic Lore,"Choose an area of expertise:

* Spells and Magicks
* The Dead and Undead
* Grand Histories of the Known World
* A Bestiary of Creatures Unusual
* The Planar Spheres
* Legends of Heroes Past
* Gods and Their Servants

When you first encounter an important creature, location, or item (your call) covered by your bardic lore you can ask the GM any one question about it; the GM will answer truthfully. The GM may then ask you what tale, song, or legend you heard that information in.",starting
1622,The BARD,Charming and Open,"When you speak frankly with someone, you can ask their player a question from the list below. They must answer it truthfully, then they may ask you a question from the list (which you must answer truthfully).

* Whom do you serve?
* What do you wish I would do?
* How can I get you to ______?
* What are you really feeling right now?
* What do you most desire?",starting
1623,The BARD,A Port in the Storm,"When you return to a civilized settlement you’ve visited before, tell the GM when you were last here. They’ll tell you how it’s changed since then.",starting
1624,The BARD,Healing Song,"When you heal with arcane art, you heal +1d8 damage.",advanced
1625,The BARD,Vicious Cacophony,"When you grant bonus damage with arcane art, you grant an extra +1d4 damage.",advanced
1626,The BARD,It Goes To Eleven,"When you unleash a crazed performance (a righteous lute solo or mighty brass blast, maybe) choose a target who can hear you and roll+Cha. ✴On a 10+ the target attacks their nearest ally in range. ✴On a 7–9 they attack their nearest ally, but you also draw their attention and ire.",advanced
1627,The BARD,Metal Hurlant,"When you shout with great force or play a shattering note choose a target and roll+Con. ✴On a 10+ the target takes 1d10 damage and is deafened for a few minutes. ✴On a 7–9 you still damage your target, but it’s out of control: the GM will choose an additional target nearby.",advanced
1628,The BARD,A Little Help From My Friends,When you successfully aid someone you take +1 forward as well.,advanced
1629,The BARD,Eldritch Tones,"Your arcane art is strong, allowing you to choose two effects instead of one.",advanced
1630,The BARD,Duelist’s Parry,"When you hack and slash, you take +1 armor forward.",advanced
1631,The BARD,Bamboozle,"When you parley with someone, on a 7+ you also take +1 forward with them.",advanced
1632,The BARD,Multiclass Dabbler,Get one move from another class. Treat your level as one lower for choosing the move.,advanced
1633,The BARD,Multiclass Initiate,"Get one move from another class. Treat your level as one lower for choosing the move.

When you gain a level from 6-10, choose from these moves or the level 2-5 moves.",advanced
1634,The BARD,Healing Chorus,"Replaces: Healing Song. When you heal with arcane art, you heal +2d8 damage.",advanced
1635,The BARD,Vicious Blast,"Replaces: Vicious Cacophony. When you grant bonus damage with arcane art, you grant an extra +2d4 damage.",advanced
1636,The BARD,Unforgettable Face,When you meet someone you’ve met before (your call) after some time apart you take +1 forward against them.,advanced
1637,The BARD,Reputation,"When you first meet someone who’s heard songs about you, roll+Cha. ✴On a 10+, tell the GM two things they’ve heard about you. ✴On a 7-9, tell the GM one thing they’ve heard, and the GM tells you one thing.",advanced
1638,The BARD,Eldritch Chord,"Replaces: Eldritch Tones. When you use arcane art, you choose two effects. You also get to choose one of those effects to double.",advanced
1639,The BARD,An Ear For Magic,When you hear an enemy cast a spell the GM will tell you the name of the spell and its effects. Take +1 forward when acting on the answers.,advanced
1640,The BARD,Devious,When you use charming and open you may also ask “How are you vulnerable to me?” Your subject may not ask this question of you.,advanced
1641,The BARD,Duelist’s Block,"Replaces: Duelist’s Parry. When you hack and slash, you take +2 armor forward.",advanced
1642,The BARD,Con,"Replaces: Bamboozle. When you parley with someone, on a 7+ you also take +1 forward with them and get to ask their player one question which they must answer truthfully.",advanced
1643,The BARD,Multiclass Master,"Get one move from another class. Treat your level as one lower for choosing the move.

---",advanced
1644,The CLERIC,Deity,"You serve and worship some deity or power which grants you spells. Give your god a name (maybe Helferth, Sucellus, Zorica or Krugon the Bleak) and choose your deity’s domain:

- Healing and Restoration
- Bloody Conquest
- Civilization
- Knowledge and Hidden Things
- The Downtrodden and Forgotten
- What Lies Beneath

Choose one precept of your religion:

- Your religion preaches the sanctity of suffering, add Petition: Suffering
- Your religion is cultish and insular, add Petition: Gaining Secrets
- Your religion has important sacrificial rites, add Petition: Offering
- Your religion believes in trial by combat, add Petition: Personal Victory",starting
1645,The CLERIC,Divine Guidance,"When you petition your deity according to the precept of your religion, you are granted some useful knowledge or boon related to your deity’s domain. The GM will tell you what.",starting
1646,The CLERIC,Turn Undead,"When you hold your holy symbol aloft and call on your deity for protection, roll+Wis. ✴On a 7+, so long as you continue to pray and brandish your holy symbol, no undead may come within reach of you. ✴On a 10+, you also momentarily daze intelligent undead and cause mindless undead to flee. Aggression breaks the effects and they are able to act as normal. Intelligent undead may still find ways to harry you from afar. They’re clever like that.",starting
1647,The CLERIC,Commune,"When you spend uninterrupted time (an hour or so) in quiet communion with your deity, you:

* Lose any spells already granted to you.
* Are granted new spells of your choice whose total levels don’t exceed your own level+1, and none of which is a higher level than your own level.
* Prepare all of your rotes, which never count against your limit.",starting
1706,The FIGHTER,Improved Weapon,Choose one extra enhancement for your signature weapon.,advanced
1707,The FIGHTER,Seeing Red,"When you discern realities during combat, you take +1.",advanced
1708,The FIGHTER,Interrogator,"When you parley using threats of impending violence as leverage, you may use STR instead of CHA.",advanced
1709,The FIGHTER,Scent of Blood,"When you hack and slash an enemy, your next attack against that same foe deals +1d4 damage.",advanced
1648,The CLERIC,Cast a Spell,"When you unleash a spell granted to you by your deity, roll+Wis. ✴On a 10+, the spell is successfully cast and your deity does not revoke the spell, so you may cast it again. ✴On a 7–9, the spell is cast, but choose one:

* You draw unwelcome attention or put yourself in a spot. The GM will tell you how.
* Your casting distances you from your deity—take -1 ongoing to cast a spell until the next time you commune.
* After you cast it, the spell is revoked by your deity. You cannot cast the spell again until you commune and have it granted to you.

Note that maintaining spells with ongoing effects will sometimes cause a penalty to your roll to cast a spell.",starting
1649,The CLERIC,Chosen One,Choose one spell. You are granted that spell as if it was one level lower.,advanced
1650,The CLERIC,Invigorate,When you heal someone they take +2 forward to their damage.,advanced
1651,The CLERIC,The Scales of Life and Death,"When someone takes their last breath in your presence, they take +1 to the roll.",advanced
1652,The CLERIC,Serenity,When you cast a spell you ignore the first -1 penalty from ongoing spells.,advanced
1653,The CLERIC,First Aid,"Cure Light Wounds is a rote for you, and therefore doesn’t count against your limit of granted spells.",advanced
1654,The CLERIC,Divine Intervention,"When you commune you get 1 hold and lose any hold you already had. Spend that hold when you or an ally takes damage to call on your deity, they intervene with an appropriate manifestation (a sudden gust of wind, a lucky slip, a burst of light) and negate the damage.",advanced
1655,The CLERIC,Penitent,"When you take damage and embrace the pain, you may take +1d4 damage (ignoring armor). If you do, take +1 forward to cast a spell.",advanced
1656,The CLERIC,Empower,"When you cast a spell, on a 10+ you have the option of choosing from the 7–9 list. If you do, you may choose one of these effects as well:
* The spell’s effects are doubled
* The spell’s targets are doubled",advanced
1657,The CLERIC,Orison for Guidance,"When you sacrifice something of value to your deity and pray for guidance, your deity tells you what it would have you do. If you do it, mark experience.",advanced
1658,The CLERIC,Divine Protection,When you wear no armor or shield you get 2 armor.,advanced
1659,The CLERIC,Devoted Healer,"When you heal someone else of damage, add your level to the amount of damage healed.

When you gain a level from 6–10, choose from these moves or the level 2–5 moves.",advanced
1660,The CLERIC,Anointed,Requires: Chosen One. Choose one spell in addition to the one you picked for chosen one. You are granted that spell as if it was one level lower.,advanced
1661,The CLERIC,Apotheosis,"The first time you spend time in prayer as appropriate to your god after taking this move, choose a feature associated with your deity (rending claws, wings of sapphire feathers, an all-seeing third eye, etc.). When you emerge from prayer, you permanently gain that physical feature.",advanced
1662,The CLERIC,Reaper,"When you take time after a conflict to dedicate your victory to your deity and deal with the dead, take +1 forward.",advanced
1663,The CLERIC,Providence,Replaces: Serenity. You ignore the -1 penalty from two spells you maintain.,advanced
1664,The CLERIC,Greater First Aid,"Requires: First Aid. Cure Moderate Wounds is a rote for you, and therefore doesn’t count against your limit of granted spells.",advanced
1665,The CLERIC,Divine Invincibility,"Replaces: Divine Intervention. When you commune you gain 2 hold and lose any hold you already had. Spend that hold when you or an ally takes damage to call on your deity, who intervenes with an appropriate manifestation (a sudden gust of wind, a lucky slip, a burst of light) and negates the damage.",advanced
1666,The CLERIC,Martyr,"Replaces: Penitent. When you take damage and embrace the pain, you may take +1d4 damage (ignoring armor). If you do, take +1 forward to cast a spell and add your level to any damage done or healed by the spell.",advanced
1667,The CLERIC,Divine Armor,Replaces: Divine Protection. When you wear no armor or shield you get 3 armor.,advanced
1668,The CLERIC,Greater Empower,"Replaces: Empower. When you cast a spell, on a 10–11 you have the option of choosing from the 7–9 list. If you do, you may choose one of these effects as well. On a 12+ you get to choose one of these effects for free.
* The spell’s effects are doubled
* The spell’s targets are doubled",advanced
1669,The CLERIC,Multiclass Dabbler,Get one move from another class. Treat your level as one lower for choosing the move.,advanced
1670,The CLERIC,Rotes,"Every time you commune, you gain access to all of your rotes without having to select them or count them toward your allotment of spells.

* **Light:** An item you touch glows with divine light, about as bright as a torch. It gives off no heat or sound and requires no fuel but is otherwise like a mundane torch. You have complete control of the color of the flame. The spell lasts as long as it is in your presence.
* **Sanctify:** Food or water you hold in your hands while you cast this spell is consecrated by your deity. In addition to now being holy or unholy, the affected substance is purified of any mundane spoilage.
* **Guidance:** The symbol of your deity appears before you and gestures towards the direction or course of action your deity would have you take then disappears. The message is through gesture only; your communication through this spell is severely limited.",starting
1671,The CLERIC,First Level Spells,"* **Bless (Ongoing):** Your deity smiles upon a combatant of your choice. They take +1 ongoing so long as battle continues and they stand and fight. While this spell is ongoing you take -1 to cast a spell.
* **Cure Light Wounds:** At your touch wounds scab and bones cease to ache. Heal an ally you touch of 1d8 damage.
* **Detect Alignment:** When you cast this spell choose an alignment: Good, Evil, Lawful, or Chaotic. One of your senses is briefly able to detect that alignment. The GM will tell you what here is of that alignment.
* **Cause Fear (Ongoing):** Choose a target you can see and a nearby object. The target is afraid of the object so long as you maintain the spell. Their reaction is up to them: flee, panic, beg, fight. While this spell is ongoing you take -1 to cast a spell. You cannot target entities with less than animal intelligence (magical constructs, undead, automatons, and the like).
* **Magic Weapon (Ongoing):** The weapon you hold while casting does +1d4 damage until you dismiss this spell. While this spell is ongoing you take -1 to cast a spell.
* **Sanctuary:** As you cast this spell, you walk the perimeter of an area, consecrating it to your deity. As long as you stay within that area you are alerted whenever someone acts with malice within the sanctuary (including entering with harmful intent). Anyone who receives healing within a sanctuary heals +1d4 HP.
* **Speak With Dead:** A corpse converses with you briefly. It will answer any three questions you pose to it to the best of the knowledge it had in life and the knowledge it gained in death.",starting
1710,The FIGHTER,Multiclass Dabbler,Get one move from another class. Treat your level as one lower for choosing the move.,advanced
1672,The CLERIC,Third Level Spells,"* **Animate Dead (Ongoing):** You invoke a hungry spirit to possess a recently-dead body and serve you. This creates a zombie that follows your orders to the best of its limited abilities. Treat the zombie as a character, but with access to only the basic moves. It has a +1 modifier for all stats and 1 HP. The zombie also gets your choice of 1d4 of these traits:
* It’s talented. Give one stat a +2 modifier.
* It’s durable. It has +2 HP for each level you have.
* It has a functioning brain and can complete complex tasks.
* It does not appear obviously dead, at least for a day or two.
The zombie lasts until it is destroyed by taking damage in excess of its HP, or until you end the spell. While this spell is ongoing you take -1 to cast a spell.
* **Cure Moderate Wounds:** You staunch bleeding and set bones through magic. Heal an ally you touch of 2d8 damage.
* **Darkness (Ongoing):** Choose an area you can see: it’s filled with supernatural darkness and shadow. While this spell is ongoing you take -1 to cast a spell.
* **Resurrection:** Tell the GM you would like to resurrect a corpse whose soul has not yet fully departed this world. Resurrection is always possible, but the GM will give you one or more (possibly all) of these conditions to fulfill:
* It’s going to take days/weeks/months
* You must get help from ____
* It will require a lot of money
* You must sacrifice ____ to do it
The GM may, depending on the circumstances, allow you to resurrect the corpse now, with the understanding that the conditions must be met before it’s permanent, or require you to meet the conditions before the corpse is resurrected.
* **Hold Person:** Choose a person you can see. Until you cast a spell or leave their presence they cannot act except to speak. This effect ends immediately if the target takes damage from any source.",advanced
1673,The CLERIC,Fifth Level Spells,"* **Revelation:** Your deity answers your prayers with a moment of perfect understanding. The GM will shed light on the current situation. When acting on the information, you take +1 forward.
* **Cure Critical Wounds:** Heal an ally you touch of 3d8 damage.
* **Divination:** Name a person, place, or thing you want to learn about. Your deity grants you visions of the target, as clear as if you were there.
* **Contagion (Ongoing):** Choose a creature you can see. Until you end this spell, the target suffers from a disease of your choice. While this spell is ongoing you take -1 to cast a spell.
* **Words of the Unspeaking:** With a touch you speak to the spirits within things. The non-living object you touch answers three questions you pose, as best it can.
* **True Seeing (Ongoing):** Your vision is opened to the true nature of everything you lay your eyes on. You pierce illusions and see things that have been hidden. The GM will describe the area before you ignoring any illusions and falsehoods, magical or otherwise. While this spell is ongoing you take -1 to cast a spell.
* **Trap Soul:** You trap the soul of a dying creature within a gem. The trapped creature is aware of its imprisonment but can still be manipulated through spells, parley, and other effects. All moves against the trapped creature are at +1. You can free the soul at any time but it can never be recaptured once freed.",advanced
1674,The CLERIC,Seventh Level Spells,"* **Word of Recall:** Choose a word. The first time after casting this spell that you speak the chosen word, you and any allies touching you when you cast the spell are immediately returned to the exact spot where you cast the spell. You can only maintain a single location; casting Word of Recall again before speaking the word replaces the earlier spell.
* **Heal:** Touch an ally and you may heal their damage a number of points up to your maximum HP.
* **Harm:** Touch an enemy and strike them with divine wrath—deal 2d8 damage to them and 1d6 damage to yourself. This damage ignores armor.
* **Sever (Ongoing):** Choose an appendage on the target such as an arm, tentacle, or wing. The appendage is magically severed from their body, causing no damage but considerable pain. Missing an appendage may, for example, keep a winged creature from flying, or a bull from goring you on its horns. While this spell is ongoing you take -1 to cast a spell.
* **Mark of Death:** Choose a creature whose true name you know. This spell creates permanent runes on a target surface that will kill that creature, should they read them.
* **Control Weather:** Pray for rain—or sun, wind, or snow. Within a day or so, your god will answer. The weather will change according to your will and last a handful of days.",advanced
1675,The CLERIC,Ninth Level Spells,"* **Storm of Vengeance:** Your deity brings the unnatural weather of your choice to pass. Rain of blood or acid, clouds of souls, wind that can carry away buildings, or any other weather you can imagine: ask and it shall come.
* **Repair:** Choose one event in the target’s past. All effects of that event, including damage, poison, disease, and magical effects, are ended and repaired. HP and diseases are healed, poisons are neutralized, magical effects are ended.
* **Divine Presence (Ongoing):** Every creature must ask your leave to enter your presence, and you must give permission aloud for them to enter. Any creature without your leave takes an extra 1d10 damage whenever they take damage in your presence. While this spell is ongoing you take -1 to cast a spell.
* **Consume Unlife:** The mindless undead creature you touch is destroyed and you steal its death energy to heal yourself or the next ally you touch. The amount of damage healed is equal to the HP that the creature had remaining before you destroyed it.
* **Plague (Ongoing):** Name a city, town, encampment, or other place where people live. As long as this spell is active that place is beset by a plague appropriate to your deity’s domains (locusts, death of the first born, etc.) While this spell is ongoing you take -1 to cast a spell.

---",advanced
1676,The DRUID,Born of the Soil,"You learned your magic in a place whose spirits are strong and ancient and they’ve marked you as one of their own. No matter where you go, they live within you and allow you to take their shape. Choose one of the following. It is the land to which you are attuned—when shapeshifting you may take the shape of any animal who might live in your Land.

- The Great Forests
- The Whispering Plains
- The Vast Desert
- The Stinking Mire
- The River Delta
- The Depths of the Earth
- The Sapphire Islands
- The Open Sea
- The Towering Mountains
- The Frozen North
- The Blasted Wasteland

Choose a tell—a physical attribute that marks you as born of the soil—that reflects the spirit of your land. It may be an animal feature like antlers or leopard’s spots or something more general: hair like leaves or eyes of glittering crystal. Your tell remains no matter what shape you take.",starting
1677,The DRUID,By Nature Sustained,You don’t need to eat or drink. If a move tells you to mark off a ration just ignore it.,starting
1678,The DRUID,Spirit Tongue,"The grunts, barks, chirps, and calls of the creatures of the wild are as language to you. You can understand any animal native to your land or akin to one whose essence you have studied.",starting
1711,The FIGHTER,Iron Hide,You gain +1 armor.,advanced
1712,The FIGHTER,Blacksmith,"When you have access to a forge you can graft the magical powers of a weapon onto your signature weapon. This process destroys the magical weapon. Your signature weapon gains the magical powers of the destroyed weapon.

When you gain a level from 6-10, choose from these moves or the level 2-5 moves.",advanced
1679,The DRUID,Shapeshifter,"When you call upon the spirits to change your shape, roll+Wis. ✴On a 10+ hold 3. ✴On a 7–9 hold 2. ✴On a miss hold 1 in addition to whatever the GM says.
You may take on the physical form of any species whose essence you have studied or who lives in your land: you and your possessions meld into a perfect copy of the species’ form. You have any innate abilities and weaknesses of the form: claws, wings, gills, breathing water instead of air. You still use your normal stats but some moves may be harder to trigger—a housecat will find it hard to do battle with an ogre. The GM will also tell you one or more moves associated with your new form. Spend 1 hold to make that move. Once you’re out of hold, you return to your natural form. At any time, you may spend all your hold and revert to your natural form.",starting
1680,The DRUID,Studied Essence,"When you spend time in contemplation of an animal spirit, you may add its species to those you can assume using shapeshifting.",starting
1681,The DRUID,Hunter’s Brother,Choose one move from the ranger class list.,advanced
1682,The DRUID,Red of Tooth and Claw,When you are in an appropriate animal form (something dangerous) increase your damage to d8.,advanced
1683,The DRUID,Communion of Whispers,"When you spend time in a place, making note of its resident spirits and calling on the spirits of the land, roll+Wis. You will be granted a vision of significance to you, your allies, and the spirits around you. ✴On a 10+ the vision will be clear and helpful to you. ✴On a 7–9 the vision is unclear, its meaning murky. ✴On a miss, the vision is upsetting, frightening, or traumatizing. The GM will describe it. Take -1 forward.",advanced
1684,The DRUID,Barkskin,So long as your feet touch the ground you have +1 armor.,advanced
1685,The DRUID,Eyes of the Tiger,"When you mark an animal (with mud, dirt, or blood) you can see through that animal’s eyes as if they were your own, no matter what distance separates you. Only one animal at a time may be marked in this way.",advanced
1686,The DRUID,Shed,When you take damage while shapeshifted you may choose to revert to your natural form to negate the damage.,advanced
1687,The DRUID,Thing-Talker,"You see the spirits in the sand, the sea and the stone. You may now apply your spirit tongue, shapeshifting and studied essence to inanimate natural objects (plants and rocks) or creatures made thereof, as well as animals. Thing-talker forms can be exact copies or can be mobile vaguely humanoid-shaped entities.",advanced
1688,The DRUID,Formcrafter,"When you shapeshift choose a stat: you take +1 ongoing to rolls using that stat while shifted. The GM will choose a stat, too: you take -1 ongoing to rolls using that stat while shifted.",advanced
1689,The DRUID,Elemental Mastery,"When you call on the primal spirits of fire, water, earth or air to perform a task for you roll+Wis. ✴On a 10+ choose two. ✴On a 7–9 choose one. ✴On a miss, some catastrophe occurs as a result of your calling.
* The effect you desire comes to pass
* You avoid paying nature’s price
* You retain control",advanced
1690,The DRUID,Balance,"When you deal damage, take 1 balance. When you touch someone and channel the spirits of life you may spend balance. For each balance spent, heal 1d4 HP.

When you gain a level from 6–10, choose from these moves or the level 2–5 moves.",advanced
1691,The DRUID,Embracing No Form,"When you shapeshift, roll 1d4 and add that total to your hold.",advanced
1692,The DRUID,Doppleganger’s Dance,"You are able to study the essence of specific individuals to take their exact form, including men, elves, or the like. Suppressing your tell is possible, but if you do, take -1 ongoing until you return to your own form.",advanced
1693,The DRUID,Blood and Thunder,Replaces: Red of Tooth and Claw. When you are in an appropriate animal form (something dangerous) increase your damage to d10.,advanced
1694,The DRUID,The Druid Sleep,"When you take this move, the next opportunity that you have safety and time to spend in an appropriate location, you may attune yourself to a new land. This effect occurs only once and the GM will tell you how long it will take and what cost you must pay. From then on, you are considered to be born of the soil in both lands.",advanced
1695,The DRUID,World-Talker,"Requires: Thing-Talker. You see the patterns that make up the fabric of the world. You may now apply your spirit tongue, shapeshifter and studied essence moves to pure elements—fire, water, air and earth.",advanced
1696,The DRUID,Stalker’s Sister,Choose one move from the ranger class list.,advanced
1697,The DRUID,Formshaper,Requires: Formcrafter. You may increase your armor by 1 or deal an additional +1d4 damage while in an animal form. Choose which when you shapeshift.,advanced
1698,The DRUID,Chimera,"When you shapeshift, you may create a merged form of up to three different shapes. You may be a bear with the wings of an eagle and the head of a ram, for example. Each feature will grant you a different move to make. Your chimera form follows the same rules as shapeshifter otherwise.",advanced
1699,The DRUID,Weather Weaver,"When you are under open skies when the sun rises the GM will ask you what the weather will be that day. Tell them whatever you like, it comes to pass.

---",advanced
1700,The FIGHTER,"Bend Bars, Lift Gates","When you use pure strength to destroy an inanimate obstacle, roll+Str. ✴On a 10+, choose 3. ✴On a 7-9 choose 2.

* It doesn’t take a very long time
* Nothing of value is damaged
* It doesn’t make an inordinate amount of noise
* You can fix the thing again without a lot of effort",starting
1701,The FIGHTER,Armored,You ignore the clumsy tag on armor you wear.,starting
1702,The FIGHTER,Signature Weapon,"This is your weapon. There are many like it, but this one is yours. Your weapon is your best friend. It is your life. You master it as you master your life. Your weapon, without you, is useless. Without your weapon, you are useless. You must wield your weapon true.

Choose a base description, all are 2 weight:

- Sword
- Axe
- Hammer
- Spear
- Flail
- Fists

Choose the range that best fits your weapon:

- Hand
- Close
- Reach

Choose two enhancements:

- Hooks and spikes. +1 damage, but +1 weight.
- Sharp. +2 piercing.
- Perfectly weighted. Add precise.
- Serrated edges. +1 damage.
- Glows in the presence of one type of creature, your choice.
- Huge. Add messy and forceful.
- Versatile. Choose an additional range.
- Well-crafted. -1 weight.

Choose a look:

- Ancient
- Blood-stained
- Unblemished
- Sinister
- Ornate",starting
1703,The FIGHTER,Merciless,"When you deal damage, deal +1d4 damage.",advanced
1704,The FIGHTER,Heirloom,"When you consult the spirits that reside within your signature weapon, they will give you an insight relating to the current situation, and might ask you some questions in return, roll+CHA. ✴On a 10+, the GM will give you good detail. ✴On a 7-9, the GM will give you an impression.",advanced
1713,The FIGHTER,Bloodthirsty,"Replaces: Merciless. When you deal damage, deal +1d8 damage.",advanced
1714,The FIGHTER,Armored Perfection,"Replaces: Armor Mastery. When you choose to let your armor take the brunt of damage dealt to you, the damage is negated and you take +1 forward against the attacker, but you must reduce the armor value of your armor or shield (your choice) by 1. The value is reduced each time you make this choice. If the reduction leaves the item with 0 armor it is destroyed.",advanced
1715,The FIGHTER,Evil Eye,"Requires: Seeing Red. When you enter combat, roll+CHA. ✴On a 10+, hold 2. ✴On a 7-9, hold 1. Spend your hold to make eye contact with an NPC present, who freezes or flinches and can’t act until you break it off. ✴On a 6-, your enemies immediately identify you as their biggest threat.",advanced
1716,The FIGHTER,Taste of Blood,"Replaces: Scent of Blood. When you hack and slash an enemy, your next attack against that same foe deals +1d8 damage.",advanced
1717,The FIGHTER,Multiclass Initiate,Required: Multiclass Dabbler. Get one move from another class. Treat your level as one lower for choosing the move.,advanced
1718,The FIGHTER,Steel Hide,Replaces: Iron Hide. You gain +2 armor.,advanced
1719,The FIGHTER,Through Death’s Eyes,"When you go into battle, roll+WIS. ✴On a 10+, name someone who will live and someone who will die. ✴On a 7-9, name someone who will live or someone who will die. Name NPCs, not player characters. The GM will make your vision come true, if it’s even remotely possible. ✴On a 6- you see your own death and consequently take -1 ongoing throughout the battle.",advanced
1720,The FIGHTER,Eye for Weaponry,"When you look over an enemy’s weaponry, ask the GM how much damage they do.",advanced
1721,The FIGHTER,Superior Warrior,"When you hack and slash on a 12+ you deal your damage, avoid their attack, and impress, dismay, or frighten your enemy.

---",advanced
1722,The PALADIN,Lay on Hands,"When you touch someone, skin to skin, and pray for their well-being, roll+CHA. ✴On a 10+ you heal 1d8 damage or remove one disease. ✴On a 7–9, they are healed, but the damage or disease is transferred to you.",starting
1723,The PALADIN,Armored,You ignore the clumsy tag on armor you wear.,starting
1724,The PALADIN,I Am the Law,"When you give an NPC an order based on your divine authority, roll+Cha. ✴On a 7+, they choose one:

* Do what you say
* Back away cautiously, then flee
* Attack you
✴On a 10+, you also take +1 forward against them. ✴On a miss, they do as they please and you take -1 forward against them.",starting
1725,The PALADIN,Quest,"When you dedicate yourself to a mission through prayer and ritual cleansing, state what you set out to do:

* Slay _______, a great blight on the land
* Defend _______ from the iniquities that beset them
* Discover the truth of _______

Then choose up to two boons:

* An unwavering sense of direction to _______.
* Invulnerability to _______ (e.g., edged weapons, fire, enchantment, etc.)
* A mark of divine authority
* Senses that pierce lies
* A voice that transcends language
* A freedom from hunger, thirst, and sleep

The GM will then tell you what vow or vows is required of you to maintain your blessing:

* Honor (forbidden: cowardly tactics and tricks)
* Temperance (forbidden: gluttony in food, drink, and pleasure of the flesh)
* Piety (required: observance of daily holy services)
* Valor (forbidden: suffering an evil creature to live)
* Truth (forbidden: lies)
* Hospitality (required: comfort to those in need, no matter who they are)",starting
1726,The PALADIN,Divine Favor,"Dedicate yourself to a deity (name a new one or choose one that’s already been established). You gain the commune and cast a spell cleric moves. When you select this move, treat yourself as a cleric of level 1 for using spells. Every time you gain a level thereafter, increase your effective cleric level by 1.",advanced
1727,The PALADIN,Bloody Aegis,When you take damage you can grit your teeth and accept the blow. If you do you take no damage but instead suffer a debility of your choice. If you already have all six debilities you can’t use this move.,advanced
1728,The PALADIN,Smite,While on a quest you deal +1d4 damage.,advanced
1729,The PALADIN,Exterminatus,"When you speak aloud your promise to defeat an enemy, you deal +2d4 damage against that enemy and -4 damage against anyone else. This effect lasts until the enemy is defeated. If you fail to defeat the enemy or give up the fight, you can admit your failure, but the effect continues until you find a way to redeem yourself.",advanced
1730,The PALADIN,Charge!,"When you lead the charge into combat, those you lead take +1 forward.",advanced
1731,The PALADIN,Staunch Defender,"When you defend you always get +1 hold, even on a 6-.",advanced
1732,The PALADIN,Setup Strike,"When you hack and slash, choose an ally. Their next attack against your target does +1d4 damage.",advanced
1733,The PALADIN,Holy Protection,You get +1 armor while on a quest.,advanced
1734,The PALADIN,Voice of Authority,Take +1 to order hirelings.,advanced
1735,The PALADIN,Hospitaller,"When you heal an ally, you heal +1d8 damage.

When you gain a level from 6–10, choose from these moves or the level 2–5 moves.",advanced
1736,The PALADIN,Evidence of Faith,"Requires: Divine Favor. When you see divine magic as it happens, you can ask the GM which deity granted the spell and its effects. Take +1 when acting on the answers.",advanced
1737,The PALADIN,Holy Smite,Replaces: Smite. While on a quest you deal +1d8 damage.,advanced
1738,The PALADIN,Ever Onward,"Replaces: Charge!. When you lead the charge into combat, those you lead take +1 forward and +2 armor forward.",advanced
1739,The PALADIN,Impervious Defender,"Replaces: Staunch Defender. When you defend you always get +1 hold, even on a 6-. When you get a 12+ to defend instead of getting hold the nearest attacking creature is stymied giving you a clear advantage, the GM will describe it.",advanced
1740,The PALADIN,Tandem Strike,"Replaces: Setup Strike. When you hack and slash, choose an ally. Their next attack against your target does +1d4 damage and they take +1 forward against them.",advanced
1741,The PALADIN,Divine Protection,Replaces: Holy Protection. You get +2 armor while on a quest.,advanced
1742,The PALADIN,Divine Authority,Replaces: Voice of Authority. Take +1 to order hirelings. When you roll a 12+ the hireling transcends their moment of fear and doubt and carries out your order with particular effectiveness or efficiency.,advanced
1743,The PALADIN,Perfect Hospitaller,"Replaces: Hospitaller. When you heal an ally, you heal +2d8 damage.",advanced
1744,The PALADIN,Indomitable,When you suffer a debility (even through Bloody Aegis) take +1 forward against whatever caused it.,advanced
1745,The PALADIN,Perfect Knight,"When you quest you choose three boons instead of two.

---",advanced
1800,The WIZARD,Fount of Knowledge,"When you spout lore about something no one else has any clue about, take +1.",advanced
1828,The BARBARIAN,Musclebound,While you wield a weapon it gains the *forceful* and *messy* tags.,starting
1746,The RANGER,Hunt and Track,"When you follow a trail of clues left behind by passing creatures, roll+WIS. ✴On a 7+, you follow the creature’s trail until there’s a significant change in its direction or mode of travel. ✴On a 10+, you also choose 1:

* Gain a useful bit of information about your quarry, the GM will tell you what
* Determine what caused the trail to end",starting
1747,The RANGER,Called Shot,"When you attack a defenseless or surprised enemy at range, you can choose to deal your damage or name your target and roll+DEX.

* **Head** ✴10+: As 7–9, plus your damage ✴7-9: They do nothing but stand and drool for a few moments.
* **Arms** ✴10+: As 7-9, plus your damage ✴7-9: They drop anything they’re holding.
* **Legs** ✴10+: As 7-9, plus your damage ✴7-9: They’re hobbled and slow moving.",starting
1748,The RANGER,Animal Companion,"You have a supernatural connection with a loyal animal. You can’t talk to it per se but it always acts as you wish it to. Name your animal companion and choose a species:
Wolf, cougar, bear, eagle, dog, hawk, cat, owl, pigeon, rat, mule

Choose a base:

* Ferocity +2, Cunning +1, 1 Armor, Instinct +1
* Ferocity +2, Cunning +2, 0 Armor, Instinct +1
* Ferocity +1, Cunning +2, 1 Armor, Instinct +1
* Ferocity +3, Cunning +1, 1 Armor, Instinct +2

Choose as many strengths as its ferocity:
Fast, burly, huge, calm, adaptable, quick reflexes, tireless, camouflage, ferocious, intimidating, keen senses, stealthy

Your animal companion is trained to fight humanoids. Choose as many additional trainings as its cunning:
Hunt, search, scout, guard, fight monsters, perform, labor, travel

Choose as many weaknesses as its instinct:
Flighty, savage, slow, broken, frightening, forgetful, stubborn, lame",starting
1749,The RANGER,Command,"When you work with your animal companion on something it’s trained in…

* …and you attack the same target, add its ferocity to your damage
* …and you track, add its cunning to your roll
* …and you take damage, add its armor to your armor
* …and you discern realities, add its cunning to your roll
* …and you parley, add its cunning to your roll
* …and someone interferes with you, add its instinct to their roll",starting
1750,The RANGER,Half-Elven,"Somewhere in your lineage lies mixed blood and it begins to show its presence. You gain the elf starting move if you took the human one at character creation or vice versa.

When you gain a level from 2-5, choose from these moves.",advanced
1751,The RANGER,Wild Empathy,You can speak with and understand animals.,advanced
1752,The RANGER,Familiar Prey,When you spout lore about a monster you use WIS instead of INT.,advanced
1753,The RANGER,Viper’s Strike,"When you strike an enemy with two weapons at once, add an extra 1d4 damage for your off-hand strike.",advanced
1754,The RANGER,Camouflage,"When you keep still in natural surroundings, enemies never spot you until you make a movement.",advanced
1755,The RANGER,Man’s Best Friend,"When you allow your animal companion to take a blow that was meant for you, the damage is negated and your animal companion’s ferocity becomes 0. If its ferocity is already 0 you can’t use this ability. When you have a few hours of rest with your animal companion its ferocity returns to normal.",advanced
1756,The RANGER,Blot Out the Sun,When you volley you may spend extra ammo before rolling. For each point of ammo spent you may choose an extra target. Roll once and apply damage to all targets.,advanced
1757,The RANGER,Well-Trained,Choose another training for your animal companion.,advanced
1758,The RANGER,God Amidst the Wastes,"Dedicate yourself to a deity (name a new one or choose one that’s already been established). You gain the commune and cast a spell cleric moves. When you select this move, treat yourself as a cleric of level 1 for using spells. Every time you gain a level thereafter, increase your effective cleric level by 1.",advanced
1759,The RANGER,Follow Me,When you undertake a perilous journey you can take two roles. You make a separate roll for each.,advanced
1760,The RANGER,A Safe Place,"When you set the watch for the night, everyone takes +1 to take watch.

When you gain a level from 6-10, choose from these moves or the level 2-5 moves.",advanced
1761,The RANGER,Wild Speech,"Replaces: Wild Empathy. You can speak with and understand any non-magical, non-planar creature.",advanced
1762,The RANGER,Hunter’s Prey,"Replaces: Familiar Prey. When you spout lore about a monster you use WIS instead of INT. On a 12+, in addition to the normal effects, you get to ask the GM any one question about the subject.",advanced
1763,The RANGER,Viper’s Fangs,"Replaces: Viper’s Strike. When you strike an enemy with two weapons at once, add an extra 1d8 damage for your off-hand strike.",advanced
1764,The RANGER,Smaug’s Belly,When you know your target’s weakest point your arrows have 2 piercing.,advanced
1765,The RANGER,Strider,Replaces: Follow Me. When you undertake a perilous journey you can take two roles. Roll twice and use the better result for both roles.,advanced
1766,The RANGER,A Safer Place,Replaces: A Safe Place. When you set the watch for the night everyone takes +1 to take watch. After a night in camp when you set the watch everyone takes +1 forward.,advanced
1767,The RANGER,Observant,"When you hunt and track, on a hit you may also ask one question about the creature you are tracking from the discern realities list for free.",advanced
1768,The RANGER,Special Trick,Choose a move from another class. So long as you are working with your animal companion you have access to that move.,advanced
1769,The RANGER,Unnatural Ally,"Your animal companion is a monster, not an animal. Describe it. Give it +2 ferocity and +1 instinct, plus a new training.

---",advanced
1770,The THIEF,Trap Expert,"When you spend a moment to survey a dangerous area, roll+DEX. ✴On a 10+, hold 3. ✴On a 7–9, hold 1. Spend your hold as you walk through the area to ask these questions:

* Is there a trap here and if so, what activates it?
* What does the trap do when activated?
* What else is hidden here?",starting
1771,The THIEF,Tricks of the Trade,"When you pick locks or pockets or disable traps, roll+DEX. ✴On a 10+, you do it, no problem. ✴On a 7–9, you still do it, but the GM will offer you two options between suspicion, danger, or cost.",starting
1772,The THIEF,Backstab,"When you attack a surprised or defenseless enemy with a melee weapon, you can choose to deal your damage or roll+DEX. ✴On a 10+ choose two. ✴On a 7–9 choose one.

* You don’t get into melee with them
* You deal your damage+1d6
* You create an advantage, +1 forward to you or an ally acting on it
* Reduce their armor by 1 until they repair it",starting
1773,The THIEF,Flexible Morals,When someone tries to detect your alignment you can tell them any alignment you like.,starting
1801,The WIZARD,Know-It-All,"When another player’s character comes to you for advice and you tell them what you think is best, they get +1 forward when following your advice and you mark experience if they do.",advanced
1774,The THIEF,Poisoner,"You’ve mastered the care and use of a poison. Choose a poison from the list below; that poison is no longer dangerous for you to use. You also start with three uses of the poison you choose. Whenever you have time to gather materials and a safe place to brew you can make three uses of the poison you choose for free. Note that some poisons are applied, meaning you have to carefully apply it to the target or something they eat or drink. Touch poisons just need to touch the target, they can even be used on the blade of a weapon.

* **Oil of Tagit (applied):** The target falls into a light sleep
* **Bloodweed (touch):** The target deals -1d4 damage ongoing until cured
* **Goldenroot (applied):** The target treats the next creature they see as a trusted ally, until proved otherwise
* **Serpent’s Tears (touch):** Anyone dealing damage to the target rolls twice and takes the better result.",starting
1775,The THIEF,Cheap Shot,"When using a precise or hand weapon, your backstab deals an extra +1d6 damage.",advanced
1776,The THIEF,Cautious,"When you use trap expert you always get +1 hold, even on a 6-.",advanced
1777,The THIEF,Wealth and Taste,"When you make a show of flashing around your most valuable possession, choose someone present. They will do anything they can to obtain your item or one like it.",advanced
1778,The THIEF,Shoot First,"You’re never caught by surprise. When an enemy would get the drop on you, you get to act first instead.",advanced
1779,The THIEF,Poison Master,After you’ve used a poison once it’s no longer dangerous for you to use.,advanced
1780,The THIEF,Envenom,You can apply even complex poisons with a pinprick. When you apply a poison that’s not dangerous for you to use to your weapon it’s touch instead of applied.,advanced
1781,The THIEF,Brewer,When you have time to gather materials and a safe place to brew you can create three doses of any one poison you’ve used before.,advanced
1782,The THIEF,Underdog,"When you’re outnumbered, you have +1 armor.",advanced
1783,The THIEF,Connections,"When you put out word to the criminal underbelly about something you want or need, roll+CHA. ✴On a 10+, someone has it, just for you. ✴On a 7–9, you’ll have to settle for something close or it comes with strings attached, your call.

When you gain a level from 6–10, choose from these moves or the level 2–5 moves.",advanced
1784,The THIEF,Dirty Fighter,"Replaces: Cheap Shot. When using a precise or hand weapon, your backstab deals an extra +1d8 damage and all other attacks deal +1d4 damage.",advanced
1785,The THIEF,Extremely Cautious,"Replaces: Cautious. When you use trap expert you always get +1 hold, even on a 6-. On a 12+ you get 3 hold and the next time you come near a trap the GM will immediately tell you what it does, what triggers it, who set it, and how you can use it to your advantage.",advanced
1786,The THIEF,Alchemist,"Replaces: Brewer. When you have you have time to gather materials and a safe place to brew you can create three doses of any poison you’ve used before. Alternately you can describe the effects of a poison you’d like to create. The GM will tell you that you can create it, but with one or more caveats:
* It will only work under specific circumstances
* The best you can manage is a weaker version
* It’ll take a while to take effect
* It’ll have obvious side effects",advanced
1787,The THIEF,Serious Underdog,"Replaces: Underdog. You have +1 armor. When you’re outnumbered, you have +2 armor instead.",advanced
1788,The THIEF,Evasion,"When you defy danger on a 12+, you transcend the danger. You not only do what you set out to, but the GM will offer you a better outcome, true beauty, or a moment of grace.",advanced
1789,The THIEF,"Strong Arm, True Aim","You can throw any melee weapon, using it to volley. A thrown melee weapon is gone; you can never choose to reduce ammo on a 7–9.",advanced
1790,The THIEF,Escape Route,"When you’re in too deep and need a way out, name your escape route and roll+DEX. ✴On a 10+ you’re gone. ✴On a 7–9 you can stay or go, but if you go it costs you: leave something behind or take something with you, the GM will tell you what.",advanced
1791,The THIEF,Disguise,When you have time and materials you can create a disguise that will fool anyone into thinking you’re another creature of about the same size and shape. Your actions can give you away but your appearance won’t.,advanced
1792,The THIEF,Heist,"When you take time to make a plan to steal something, name the thing you want to steal and ask the GM these questions. When acting on the answers you and your allies take +1 forward.
* Who will notice it’s missing?
* What’s its most powerful defense?
* Who will come after it?
* Who else wants it?

---",advanced
1793,The WIZARD,Spellbook,"You have mastered several spells and inscribed them in your spellbook. You start out with three first level spells in your spellbook as well as the cantrips. Whenever you gain a level, you add a new spell of your level or lower to your spellbook. You spellbook is 1 weight.",starting
1794,The WIZARD,Prepare Spells,"When you spend uninterrupted time (an hour or so) in quiet contemplation of your spellbook, you:

* Lose any spells you already have prepared
* Prepare new spells of your choice from your spellbook whose total levels don’t exceed your own level+1.
* Prepare your cantrips which never count against your limit.",starting
1795,The WIZARD,Cast a Spell,"When you release a spell you’ve prepared, roll+Int. ✴On a 10+, the spell is successfully cast and you do not forget the spell—you may cast it again later. ✴On a 7-9, the spell is cast, but choose one:

* You draw unwelcome attention or put yourself in a spot. The GM will tell you how.
* The spell disturbs the fabric of reality as it is cast—take -1 ongoing to cast a spell until the next time you Prepare Spells.
* After it is cast, the spell is forgotten. You cannot cast the spell again until you prepare spells.

Note that maintaining spells with ongoing effects will sometimes cause a penalty to your roll to cast a spell.",starting
1796,The WIZARD,Spell Defense,You may end any ongoing spell immediately and use the energy of its dissipation to deflect an oncoming attack. The spell ends and you subtract its level from the damage done to you.,starting
1797,The WIZARD,Ritual,"When you draw on a place of power to create a magical effect, tell the GM what you’re trying to achieve. Ritual effects are always possible, but the GM will give you one to four of the following conditions:

* It’s going to take days/weeks/months
* First you must ____
* You’ll need help from ____
* It will require a lot of money
* The best you can do is a lesser version, unreliable and limited
* You and your allies will risk danger from ____
* You’ll have to disenchant ____ to do it",starting
1798,The WIZARD,Prodigy,Choose a spell. You prepare that spell as if it were one level lower.,advanced
1799,The WIZARD,Empowered Magic,"When you cast a spell, on a 10+ you have the option of choosing from the 7-9 list. If you do, you may choose one of these as well:
* The spell’s effects are maximized
* The spell’s targets are doubled",advanced
1803,The WIZARD,Enchanter,"When you have time and safety with a magic item you may ask the GM what it does, the GM will answer you truthfully.",advanced
1804,The WIZARD,Logical,"When you use strict deduction to analyze your surroundings, you can discern realities with INT instead of WIS.",advanced
1805,The WIZARD,Arcane Ward,"As long as you have at least one prepared spell of first level or higher, you have +2 armor.",advanced
1806,The WIZARD,Counterspell,"When you attempt to counter an arcane spell that will otherwise affect you, stake one of your prepared spells on the defense and roll+Int. ✴On a 10+, the spell is countered and has no effect on you. ✴On a 7-9, the spell is countered and you forget the spell you staked. Your counterspell protects only you; if the countered spell has other targets they get its effects.",advanced
1807,The WIZARD,Quick Study,"When you see the effects of an arcane spell, ask the GM the name of the spell and its effects. You take +1 when acting on the answers.

When you gain a level from 6-10, choose from these moves or the level 2-5 moves.",advanced
1808,The WIZARD,Master,Requires: Prodigy. Choose one spell in addition to the one you picked for prodigy. You prepare that spell as if it were one level lower.,advanced
1809,The WIZARD,Greater Empowered Magic,"Replaces: Empowered Magic. When you cast a spell, on a 10-11 you have the option of choosing from the 7-9 list. If you do, you may choose one of these effects as well. On a 12+ you get to choose one of these effects for free:
* The spell’s effects are doubled
* The spell’s targets are doubled",advanced
1810,The WIZARD,Enchanter’s Soul,"Requires: Enchanter. When you have time and safety with a magic item in a place of power you can empower that item so that the next time you use it its effects are amplified, the GM will tell you exactly how.",advanced
1811,The WIZARD,Highly Logical,"Replaces: Logical. When you use strict deduction to analyze your surroundings, you can discern realities with Int instead of Wis. On a 12+ you get to ask the GM any three questions, not limited by the list.",advanced
1812,The WIZARD,Arcane Armor,"Replaces: Arcane Ward. As long as you have at least one prepared spell of first level or higher, you have +4 armor.",advanced
1813,The WIZARD,Protective Counter,"Requires: Counterspell. When an ally within sight of you is affected by an arcane spell, you can counter it as if it affected you. If the spell affects multiple allies you must counter for each ally separately.",advanced
1814,The WIZARD,Ethereal Tether,When you have time with a willing or helpless subject you can craft an ethereal tether with them. You perceive what they perceive and can discern realities about someone tethered to you or their surroundings no matter the distance. Someone willingly tethered to you can communicate with you over the tether as if you were in the room with them.,advanced
1815,The WIZARD,Mystical Puppet Strings,When you use magic to control a person’s actions they have no memory of what you had them do and bear you no ill will.,advanced
1816,The WIZARD,Spell Augmentation,When you deal damage to a creature you can shunt a spell’s energy into them—end one of your ongoing spells and add the spell’s level to the damage dealt.,advanced
1817,The WIZARD,Self-Powered,"When you have time, arcane materials, and a safe space, you can create your own place of power. Describe to the GM what kind of power it is and how you’re binding it to this place, the GM will tell you one kind of creature that will have an interest in your workings.",advanced
1818,The WIZARD,Cantrips,"You prepare all of your cantrips every time you prepare spells without having to select them or count them toward your allotment of spells.

* **Light:** An item you touch glows with arcane light, about as bright as a torch. It gives off no heat or sound and requires no fuel, but it is otherwise like a mundane torch. You have complete control of the color of the flame. The spell lasts as long as it is in your presence.
* **Unseen Servant:** You conjure a simple invisible construct that can do nothing but carry items. It has Load 3 and carries anything you hand to it. It cannot pick up items on its own and can only carry those you give to it. Items carried by an unseen servant appear to float in the air a few paces behind you. An unseen servant that takes damage or leaves your presence is immediately dispelled, dropping any items it carried.
* **Prestidigitation:** You perform minor tricks of true magic. If you touch an item as part of the casting you can make cosmetic changes to it: clean it, soil it, cool it, warm it, flavor it, or change its color. If you cast the spell without touching an item you can instead create minor illusions no bigger than yourself. Prestidigitation illusions are crude and clearly illusions—they won’t fool anyone, but they might entertain them.",starting
1819,The WIZARD,First Level Spells,"* **Contact Spirits (Summoning):** Name the spirit you wish to contact (or leave it to the GM). You pull that creature through the planes, just close enough to speak to you. It is bound to answer any one question you ask to the best of its ability.
* **Detect Magic (Divination):** One of your senses is briefly attuned to magic. The GM will tell you what here is magical.
* **Telepathy (Divination Ongoing):** You form a telepathic bond with a single person you touch, enabling you to converse with that person through your thoughts. You can only have one telepathic bond at a time.
* **Charm Person (Enchantment Ongoing):** The person (not beast or monster) you touch while casting this spell counts you as a friend until they take damage or you prove otherwise.
* **Invisibility (Illusion Ongoing):** Touch an ally: nobody can see them. They’re invisible! The spell persists until the target attacks or you dismiss the effect. While the spell is ongoing you can’t cast a spell.
* **Magic Missile (Evocation):** Projectiles of pure magic spring from your fingers. Deal 2d4 damage to one target.
* **Alarm:** Walk a wide circle as you cast this spell. Until you prepare spells again your magic will alert you if a creature crosses that circle. Even if you are asleep, the spell will shake you from your slumber.",starting
1829,The BARBARIAN,What Are You Waiting For?,"When you cry out a challenge to your enemies, roll+Con.

* **On a 10+** they treat you as the most obvious threat to be dealt with and ignore your companions, take +2 damage ongoing against them.
* **On a 7–9** only a few (the weakest or most foolhardy among them) fall prey to your taunting.",starting
1830,The BARBARIAN,Still Hungry,Choose an additional appetite.,advanced
1831,The BARBARIAN,Appetite for Destruction,"Take a move from the fighter, bard or thief class list. You may not take multiclass moves from those classes.",advanced
1832,The BARBARIAN,My Love For You Is Like a Truck,"When you perform a feat of strength, name someone present who you have impressed and take +1 forward to parley with them.",advanced
1833,The BARBARIAN,What Is Best In Life,"At the end of a session, if during this session you have crushed your enemies, seen them driven before you, or have heard the lamentations of their kinfolk mark XP.",advanced
1820,The WIZARD,Third Level Spells,"* **Dispel Magic:** Choose a spell or magic effect in your presence: this spell rips it apart. Lesser spells are ended, powerful magic is just reduced or dampened so long as you are nearby.
* **Visions Through Time (Divination):** Cast this spell and gaze into a reflective surface to see into the depths of time. The GM will reveal the details of a grim portent to you—a bleak event that will come to pass without your intervention. They’ll tell you something useful about how you can interfere with the grim portent’s dark outcomes. Rare is the portent that claims “You’ll live happily ever after.” Sorry.
* **Fireball (Evocation):** You evoke a mighty ball of flame that envelops your target and everyone nearby, inflicting 2d6 damage which ignores armor.
* **Mimic (Ongoing):** You take the form of someone you touch while casting this spell. Your physical characteristics match theirs exactly but your behavior may not. This change persists until you take damage or choose to return to your own form. While this spell is ongoing you lose access to all your wizard moves.
* **Mirror Image (Illusion):** You create an illusory image of yourself. When you are attacked, roll a d6. On a 4, 5, or 6 the attack hits the illusion instead, the image then dissipates and the spell ends.
* **Sleep (Enchantment):** 1d4 enemies you can see of the GM’s choice fall asleep. Only creatures capable of sleeping are affected. They awake as normal: loud noises, jolts, pain.",advanced
1821,The WIZARD,Fifth Level Spells,"* **Cage (Evocation Ongoing):** The target is held in a cage of magical force. Nothing can get in or out of the cage. The cage remains until you cast another spell or dismiss it. While the spell is ongoing, the caged creature can hear your thoughts and you cannot leave sight of the cage.
* **Contact Other Plane (Divination):** You send a request to another plane. Specify who or what you’d like to contact by location, type of creature, name, or title. You open a two-way communication with that creature. Your communication can be cut off at any time by you or the creature you contacted.
* **Polymorph (Enchantment):** Your touch reshapes a creature entirely, they stay in the form you craft until you cast a spell. Describe the new shape you craft, including any stat changes, significant adaptations, or major weaknesses. The GM will then tell you one or more of these:
* The form will be unstable and temporary
* The creature’s mind will be altered as well
* The form has an unintended benefit or weakness
* **Summon Monster (Summoning Ongoing):** A monster appears and aids you as best it can. Treat it as your character, but with access to only the basic moves. It has +1 modifier for all stats, 1 HP, and uses your damage dice. The monster also gets your choice of 1d6 of these traits:
* It has +2 instead of +1 to one stat
* It’s not reckless
* It does 1d8 damage
* Its bond to your plane is strong: +2 HP for each level you have
* It has some useful adaptation
The GM will tell you the type of monster you get based on the traits you select. The creature remains on this plane until it dies or you dismiss it. While the spell is ongoing you take -1 to cast a spell.",advanced
1822,The WIZARD,Seventh Level Spells,"* **Dominate (Enchantment Ongoing):** Your touch pushes your mind into someone else’s. You gain 1d4 hold. Spend one hold to make the target take one of these actions:
* Speak a few words of your choice
* Give you something they hold
* Make a concerted attack on a target of your choice
* Truthfully answer one question
If you run out of hold the spell ends. If the target takes damage you lose 1 hold. While the spell is ongoing you cannot cast a spell.
* **True Seeing (Divination Ongoing):** You see all things as they truly are. This effect persists until you tell a lie or dismiss the spell. While this spell is ongoing you take -1 to cast a spell.
* **Shadow Walk (Illusion):** The shadows you target with this spell become a portal for you and your allies. Name a location, describing it with a number of words up to your level. Stepping through the portal deposits you and any allies present when you cast the spell at the location you described. The portal may only be used once by each ally.
* **Contingency (Evocation):** Choose a 5th level or lower spell you know. Describe a trigger condition using a number of words equal to your level. The chosen spell is held until you choose to unleash it or the trigger condition is met, whichever happens first. You don’t have to roll for the held spell, it just takes effect. You may only have a single contingent spell held at a time; if you cast Contingency while you have a held spell, the new held spell replaces the old one.
* **Cloudkill (Summoning Ongoing):** A cloud of fog drifts into this realm from beyond the Black Gates of Death, filling the immediate area. Whenever a creature in the area takes damage it takes an additional, separate 1d6 damage which ignores armor. This spell persists so long as you can see the affected area, or until you dismiss it.",advanced
1823,The WIZARD,Ninth Level Spells,"* **Antipathy (Enchantment Ongoing):** Choose a target and describe a type of creature or an alignment. Creatures of the specified type or alignment cannot come within sight of the target. If a creature of the specified type does find itself within sight of the target, it immediately flees. This effect continues until you leave the target’s presence or you dismiss the spell. While the spell is ongoing you take -1 to cast a spell.
* **Alert (Divination):** Describe an event. The GM will tell you when that event occurs, no matter where you are or how far away the event is. If you choose, you can view the location of the event as though you were there in person. You can only have one Alert active at a time.
* **Soul Gem:** You trap the soul of a dying creature within a gem. The trapped creature is aware of its imprisonment but can still be manipulated through spells, parley, and other effects. All moves against the trapped creature are at +1. You can free the soul at any time but it can never be recaptured once freed.
* **Shelter (Evocation Ongoing):** You create a structure out of pure magical power. It can be as large as a castle or as small as a hut, but is impervious to all non-magical damage. The structure endures until you leave it or you end the spell.
* **Perfect Summons (Summoning):** You teleport a creature to your presence. Name a creature or give a short description of a type of creature. If you named a creature, that creature appears before you. If you described a type of creature, a creature of that type appears before you.",advanced
1824,The BARBARIAN,Full Plate and Packing Steel,You ignore the *clumsy* tag on armor you wear.,starting
1825,The BARBARIAN,"Unencumbered, Unharmed","So long as you are below your Load and neither wear armor nor carry a shield, take +1 armor.",starting
1826,The BARBARIAN,Herculean Appetites,"Others may content themselves with just a taste of wine, or dominion over a servant or two, but you want more. **Choose two appetites.** While pursuing one of your appetites if you would roll for a move, instead of rolling 2d6 you roll **1d6+1d8**. If the d8 is the higher die of the pair, the GM will also introduce a complication or danger that comes about due to your heedless pursuits.

- Pure destruction
- Power over others
- Mortal pleasures
- Conquest
- Riches and property
- Fame and glory",starting
1827,The BARBARIAN,The Upper Hand,"You take +1 ongoing to last breath rolls. When you take your last breath, on a 7–9 you make an offer to Death in return for your life. If Death accepts he will return you to life. If not, you die.",starting
1834,The BARBARIAN,Wide-Wanderer,"You’ve travelled the wide world over. When you arrive someplace ask the GM about any important traditions, rituals, and so on, they’ll tell you what you need to know.",advanced
1835,The BARBARIAN,Usurper,"When you prove yourself superior to a person in power, take +1 forward with their followers, underlings, and hangers on.",advanced
1836,The BARBARIAN,Khan of Khans,Your hirelings always accept the gratuitous fulfillment of one of your appetites as payment.,advanced
1837,The BARBARIAN,Samson,You may take a debility to immediately break free of any physical or mental restraint.,advanced
1838,The BARBARIAN,Smash!,"When you hack and slash, on a 12+ deal your damage and choose something physical your target has (a weapon, their position, a limb): they lose it.",advanced
1839,The BARBARIAN,Indestructible Hunger,When you take damage you can choose to take -1 ongoing until you sate one of your appetites instead of taking the damage. If you already have this penalty you cannot choose this option.,advanced
1840,The BARBARIAN,Level 6-10,"",advanced
1841,The BARBARIAN,A Good Day to Die,"As long as you have less than your Con in current HP (or 1, whichever is higher) take +1 ongoing.",advanced
1842,The BARBARIAN,Kill 'em All,"*Requires: Appetite for Destruction.* Take another move from the Fighter, Bard or Thief class list. You may not take multiclass moves from those classes.",advanced
1843,The BARBARIAN,War Cry,"When you enter battle with a show of force (a shout, a rallying cry, a battle dance) roll+Cha.
* **On a 10+** both.
* **On a 7–9** one or the other.
* *Choices:*
* Your allies are rallied and take +1 forward.
* Your enemies feel fear and act accordingly (avoiding you, hiding, attacking with fear-driven abandon).",advanced
1844,The BARBARIAN,Mark of Might,"When you take this move and spend some time uninterrupted, reflecting on your past glories you may mark yourself with a symbol of your power (a long braid tied with bells, ritual scars or tattoos, etc). Any intelligent mortal creature who sees this symbol knows instinctively that you are a force to be reckoned with and treats you appropriately.",advanced
1845,The BARBARIAN,More! Always More!,"When you satisfy an appetite to the extreme (destroying something unique and significant, gaining enormous fame, riches, power, etc) you may choose to resolve it. Cross it off the list and mark XP. While you may pursue that appetite again, you no longer feel the burning desire you once did. In its place, choose a new appetite from the list or write your own.",advanced
1846,The BARBARIAN,The One Who Knocks,"When you defy danger, on a 12+ you turn the danger back on itself, the GM will describe how.",advanced
